Visitor,3603,1936
Visitor,3596,1882
Visitor,3596,1825
Visitor,3592,1771
Visitor,3592,1716
Visitor,3592,1660
Visitor,3586,1604
Visitor,3588,1546
Visitor,3588,1484
Handicapped,3581,1324
Handicapped,3575,1223
EV,3348,2000
EV,3348,1949
EV,3342,1902
EV,3230,1900
EV,3230,1947
EV,3230,1998
Blue,3344,1852
Blue,3226,1850
Blue,3224,1808
Blue,3340,1803
Blue,3342,1756
Blue,3226,1758
Blue,3224,1711
Blue,3340,1703
Blue,3342,1658
Blue,3222,1656
Blue,3218,1606
Blue,3337,1604
Blue,3337,1557
Blue,3224,1557
Blue,3226,1510
Blue,3331,1508
Blue,3331,1429
Blue,3233,1427
Blue,3228,1373
Blue,3327,1373
Blue,3329,1328
Blue,3235,1330
Blue,3233,1277
Blue,3329,1281
Yellow,2980,1955
Yellow,2976,1908
Yellow,2976,1855
Yellow,2976,1803
Yellow,2976,1760
Yellow,2971,1713
Yellow,2974,1713
Yellow,2882,1955
Yellow,2882,1910
Yellow,2882,1857
Yellow,2879,1810
Yellow,2877,1758
Yellow,2875,1709
Yellow,2976,1206
Yellow,2974,1264
Yellow,2969,1307
Yellow,2967,1354
Yellow,2967,1405
Yellow,2965,1452
Yellow,2967,1499
Yellow,2969,1551
Yellow,2969,1604
Yellow,2879,1604
Yellow,2875,1551
Yellow,2873,1508
Yellow,2871,1459
Yellow,2871,1407
Yellow,2869,1358
Yellow,2869,1307
Yellow,2867,1262
Yellow,2869,1206
Yellow,2775,678
Yellow,2704,678
Yellow,2657,676
Yellow,2610,673
Yellow,2565,671
Yellow,2516,671
Yellow,2462,669
Yellow,2413,676
Yellow,2368,676
Yellow,2310,669
Yellow,2633,2107
Yellow,2629,2058
Yellow,2629,2009
Yellow,2629,1955
Yellow,2629,1908
Yellow,2629,1857
Yellow,2629,1814
Yellow,2633,1756
Yellow,2629,1709
Yellow,2546,2105
Yellow,2546,2056
Yellow,2541,2009
Yellow,2537,1951
Yellow,2537,1906
Yellow,2535,1857
Yellow,2533,1808
Yellow,2535,1765
Yellow,2533,1709
Yellow,2640,1555
Yellow,2640,1504
Yellow,2638,1457
Yellow,2638,1412
Yellow,2638,1360
Yellow,2633,1307
Yellow,2631,1260
Yellow,2629,1213
Yellow,2627,1166
Yellow,2631,1116
Yellow,2627,1067
Yellow,2631,1016
Yellow,2537,1557
Yellow,2537,1508
Yellow,2535,1461
Yellow,2535,1410
Yellow,2537,1358
Yellow,2531,1307
Yellow,2533,1262
Yellow,2531,1213
Yellow,2533,1166
Yellow,2531,1114
Yellow,2533,1065
Yellow,2529,1020
Yellow,2315,2107
Yellow,2312,2058
Yellow,2310,2007
Yellow,2306,1959
Yellow,2308,1912
Yellow,2308,1859
Yellow,2308,1808
Yellow,2304,1760
Yellow,2308,1711
Yellow,2199,2105
Yellow,2197,2056
Yellow,2197,2004
Yellow,2197,1959
Yellow,2197,1910
Yellow,2197,1861
Yellow,2199,1808
Yellow,2201,1763
Yellow,2197,1703
Yellow,2308,1561
Yellow,2306,1508
Yellow,2308,1459
Yellow,2306,1416
Yellow,2306,1367
Yellow,2300,1315
Yellow,2295,1266
Yellow,2293,1217
Yellow,2295,1168
Yellow,2300,1112
Yellow,2304,1063
Yellow,2306,1009
Yellow,2205,1559
Yellow,2205,1512
Yellow,2201,1461
Yellow,2199,1416
Yellow,2195,1362
Yellow,2197,1313
Yellow,2195,1266
Yellow,2197,1217
Yellow,2195,1166
Yellow,2199,1119
Yellow,2199,1069
Yellow,2197,1016
Yellow,1972,2111
Yellow,1968,2054
Yellow,1968,2007
Yellow,1966,1953
Yellow,1968,1910
Yellow,1964,1861
Yellow,1970,1812
Yellow,1968,1760
Yellow,1966,1713
Yellow,1784,2111
Yellow,1784,2054
Yellow,1784,2009
Yellow,1786,1957
Yellow,1786,1912
Yellow,1790,1863
Yellow,1793,1814
Yellow,1793,1763
Yellow,1797,1709
Yellow,1966,1611
Yellow,1970,1564
Yellow,1968,1510
Yellow,1966,1461
Yellow,1966,1410
Yellow,1968,1356
Yellow,1964,1307
Yellow,1968,1262
Yellow,1968,1213
Yellow,1968,1166
Yellow,1972,1119
Yellow,1966,1063
Yellow,1970,1012
Yellow,1790,1606
Yellow,1795,1557
Yellow,1793,1510
Yellow,1793,1459
Yellow,1788,1416
Yellow,1786,1367
Yellow,1790,1315
Yellow,1788,1262
Yellow,1786,1211
Yellow,1784,1163
Yellow,1788,1114
Yellow,1782,1065
Yellow,1782,1014
Yellow,2158,682
Yellow,2105,682
Yellow,2051,682
Yellow,2009,680
Yellow,1957,680
Yellow,1910,682
Yellow,1865,680
Yellow,1816,676
Yellow,1752,676
Yellow,1553,971
Yellow,1555,911
Yellow,1555,851
Yellow,1555,2113
Yellow,1553,2060
Yellow,1553,2009
Yellow,1553,1957
Yellow,1553,1908
Yellow,1557,1857
Yellow,1559,1808
Yellow,1555,1763
Yellow,1559,1718
Yellow,1442,2107
Yellow,1442,2056
Yellow,1444,2004
Yellow,1442,1957
Yellow,1442,1906
Yellow,1439,1855
Yellow,1437,1808
Yellow,1439,1758
Yellow,1444,1716
Yellow,1198,2103
Yellow,1200,2056
Yellow,1200,2004
Yellow,1202,1955
Yellow,1200,1908
Yellow,1196,1859
Yellow,1200,1808
Yellow,1200,1756
Yellow,1198,1720
Yellow,1091,2103
Yellow,1091,2054
Yellow,1095,2009
Yellow,1095,1957
Yellow,1097,1910
Yellow,1097,1861
Yellow,1093,1805
Yellow,1091,1769
Yellow,1091,1720
Yellow,147,1042
Yellow,196,1042
Yellow,248,1042
Yellow,297,1042
Yellow,346,1042
Yellow,400,1042
Yellow,449,1039
Yellow,494,1039
Yellow,547,1042
Yellow,592,1035
Yellow,646,1033
Yellow,757,1035
Yellow,806,1033
Yellow,847,1033
Yellow,900,1031
Yellow,954,1037
Yellow,1001,1035
Yellow,1046,1035
Yellow,1097,1035
Yellow,1144,1033
Yellow,1193,1033
Yellow,1241,1033
Yellow,1294,1037
Yellow,1356,1035
Yellow,1559,1611
Yellow,1566,1561
Yellow,1566,1512
Yellow,1568,1459
Yellow,1564,1407
Yellow,1566,1362
Yellow,1566,1311
Yellow,1448,1604
Yellow,1448,1551
Yellow,1448,1512
Yellow,1450,1461
Yellow,1450,1412
Yellow,1450,1367
Yellow,1450,1313
Yellow,1196,1609
Yellow,1196,1561
Yellow,1193,1510
Yellow,1196,1461
Yellow,1200,1412
Yellow,1198,1362
Yellow,1193,1307
Yellow,1093,1609
Yellow,1095,1555
Yellow,1095,1508
Yellow,1095,1463
Yellow,1095,1412
Yellow,1095,1360
Yellow,1097,1307
Yellow,862,2103
Yellow,860,2056
Yellow,860,2004
Yellow,858,1955
Yellow,858,1902
Yellow,853,1859
Yellow,853,1812
Yellow,851,1756
Yellow,851,1711
Yellow,746,2103
Yellow,744,2056
Yellow,748,2004
Yellow,746,1957
Yellow,746,1904
Yellow,742,1857
Yellow,746,1805
Yellow,740,1763
Yellow,736,1713
Yellow,855,1604
Yellow,853,1557
Yellow,851,1510
Yellow,851,1457
Yellow,847,1405
Yellow,845,1362
Yellow,847,1311
Yellow,742,1604
Yellow,742,1551
Yellow,738,1504
Yellow,742,1457
Yellow,738,1407
Yellow,748,1358
Yellow,746,1311
Yellow,504,2103
Yellow,507,2060
Yellow,507,2015
Yellow,509,1955
Yellow,507,1908
Yellow,504,1857
Yellow,502,1808
Yellow,502,1763
Yellow,504,1707
Yellow,408,2107
Yellow,408,2056
Yellow,408,2011
Yellow,404,1957
Yellow,404,1908
Yellow,402,1857
Yellow,406,1812
Yellow,406,1756
Yellow,406,1701
Yellow,507,1604
Yellow,511,1549
Yellow,511,1504
Yellow,504,1454
Yellow,502,1410
Yellow,498,1350
Yellow,496,1296
Yellow,395,1606
Yellow,400,1555
Yellow,397,1502
Yellow,395,1454
Yellow,387,1420
Yellow,385,1362
Yellow,382,1305
Yellow,171,2109
Yellow,171,2062
Yellow,171,2009
Yellow,171,1955
Yellow,171,1904
Yellow,173,1857
Yellow,169,1803
Yellow,164,1760
Yellow,162,1707
Yellow,173,1602
Yellow,166,1561
Yellow,164,1512
Yellow,166,1457
Yellow,158,1407
Yellow,162,1356
Yellow,162,1303
