Staff,118,1012
Staff,169,1009
Green,215,1018
Green,272,1021
Green,323,1019
Green,372,1021
Green,415,1019
Green,466,1026
Green,519,1024
Green,651,981
Green,688,944
Green,731,901
Green,773,870
Green,811,839
Green,859,816
Green,895,791
Green,972,528
Green,1016,522
Green,1062,516
Green,1115,516
Green,1163,522
Green,1213,519
Green,1280,513
Green,2187,600
Green,2233,628
Green,2275,663
Green,2315,687
Green,2352,710
Green,2409,745
Staff,3410,451
Green,3386,496
Green,3355,542
Green,3330,590
Green,3296,631
Green,3270,662
Staff,3235,717
Green,3221,756
Green,3187,804
Green,3159,844
Green,2261,945
Green,2306,972
Green,2349,998
Green,2395,1027
Green,2435,1059
Staff,1859,875
Handicapped,1854,972
Green,1853,1021
Green,1854,1086
Green,1854,1152
Green,2113,876
Green,2113,924
Green,2102,965
Green,2096,1012
Green,1905,1307
Green,1958,1349
Green,2005,1372
Green,2047,1400
Green,2098,1429
Green,2147,1460
Green,2199,1485
Green,2252,1522
Green,2296,1549
Green,2349,1582
Green,2401,1606
Green,2457,1649
Green,2737,1351
Green,2708,1392
Green,2669,1437
Green,2766,1486
Green,2793,1454
Green,2816,1409
Green,3640,553
Green,3611,594
Green,3581,640
Green,3563,682
Green,3534,719
Green,3514,768
Green,3492,814
Green,3175,1307
Green,3198,1266
Green,3225,1220
Green,3255,1176
Green,3276,1127
Green,3309,1081
Green,3332,1039
Green,3350,1001
Green,3372,962
Green,3406,905
Green,3085,1451
Green,3054,1497
Green,3021,1539
Green,2993,1582
Green,2962,1622
Green,2933,1669
Green,2905,1708
Green,2874,1751
Green,2842,1799
Green,3102,1403
Green,2725,2027
Green,2686,2073
Green,2660,2110
Green,2628,2158
Green,2598,2199
Green,2569,2238
Green,2552,2290
Green,2524,2330
Green,2494,2363
Green,2466,2407
Green,2383,1267
Green,2429,1304
Green,2344,1247
Green,2295,1217
Green,2261,1197
Green,2215,1170
Green,2176,1147
Green,2400,2076
Green,2375,2113
Green,2337,2159
Green,2301,2204
Green,2280,2236
Green,2508,1891
Handicapped,2480,1944
Handicapped,2427,2019
Handicapped,1461,1824
Handicapped,1539,1868
Handicapped,1589,1911
Handicapped,2483,805
Handicapped,2535,841
Handicapped,2626,905
Handicapped,586,727
Handicapped,665,679
Handicapped,720,640
Handicapped,801,590
Green,1676,1954
Green,1733,1993
Green,1767,2016
Green,1808,2045
Green,1859,2065
Green,2090,2233
Green,2045,2202
Green,2007,2173
Green,1964,2135
Green,1592,2204
Green,1645,2236
Green,1689,2263
Green,1734,2290
Green,1783,2310
Green,1830,2344
Green,1867,2378
Green,1907,2403
Green,1953,2434
